시군구,계
강남구,245487
강동구,151959
강북구,75122
강서구,206522
관악구,118273
광진구,99115
구로구,146038
금천구,90501
노원구,152375
도봉구,95608
동대문구,98603
동작구,106417
마포구,121250
서대문구,89542
서초구,176494
성동구,106021
성북구,122216
송파구,249256
양천구,151342
영등포구,145490
용산구,75234
은평구,133791
종로구,50756
중구,59744
중랑구,115099
